qb,name,rookie_class
0,Aaron Rodgers,2005
1,Aidan O'Connell,2023
2,Alex Smith,2005
3,Andrew Luck,2012
4,Andrew Walter,2005
5,Andy Dalton,2011
6,Baker Mayfield,2018
7,Ben Roethlisberger,2004
8,Blaine Gabbert,2011
9,Blake Bortles,2014
10,Bo Nix,2024
11,Brady Quinn,2007
12,Brandon Weeden,2012
13,Brett Hundley,2015
14,Brian Hoyer,2009
15,Brock Osweiler,2012
16,Brock Purdy,2022
17,Brooks Bollinger,2003
18,Bruce Gradkowski,2006
19,Bryce Young,2023
20,Byron Leftwich,2003
21,C.J. Stroud,2023
22,Caleb Williams,2024
23,Cam Newton,2011
24,Cam Ward,2025
25,Carson Palmer,2003
26,Carson Wentz,2016
27,Case Keenum,2012
28,Chad Henne,2008
29,Chad Hutchinson,2002
30,Chad Pennington,2000
31,Charlie Frye,2005
32,Chris Simms,2003
33,Chris Weinke,2001
34,Christian Ponder,2011
35,Colin Kaepernick,2011
36,Colt McCoy,2010
37,Dak Prescott,2016
38,Daniel Jones,2019
39,David Carr,2002
40,David Garrard,2002
41,Davis Mills,2021
42,DeShone Kizer,2017
43,Derek Anderson,2005
44,Derek Carr,2014
45,Deshaun Watson,2017
46,Desmond Ridder,2022
47,Drake Maye,2024
48,Drew Brees,2001
49,Drew Lock,2019
50,EJ Manuel,2013
51,Eli Manning,2004
52,Gardner Minshew,2019
53,Geno Smith,2013
54,J.J. McCarthy,2024
55,J.P. Losman,2004
56,JaMarcus Russell,2007
57,Jacoby Brissett,2016
58,Jake Locker,2011
59,Jalen Hurts,2020
60,Jameis Winston,2015
61,Jared Goff,2016
62,Jason Campbell,2005
63,Jaxson Dart,2025
64,Jay Cutler,2006
65,Jayden Daniels,2024
66,Jimmy Clausen,2010
67,Jimmy Garoppolo,2014
68,Joe Burrow,2020
69,Joe Flacco,2008
70,Joey Harrington,2002
71,Jordan Love,2020
72,Josh Allen,2018
73,Josh Freeman,2009
74,Josh McCown,2002
75,Josh Rosen,2018
76,Joshua Dobbs,2017
77,Justin Fields,2021
78,Justin Herbert,2020
79,Kellen Clemens,2006
80,Kenny Pickett,2022
81,Kevin Kolb,2007
82,Kirk Cousins,2012
83,Kyle Allen,2018
84,Kyle Boller,2003
85,Kyle Orton,2005
86,Kyler Murray,2019
87,Lamar Jackson,2018
88,Mac Jones,2021
89,Marc Bulger,2001
90,Marcus Mariota,2015
91,Mark Sanchez,2009
92,Mason Rudolph,2018
93,Matt Cassel,2005
94,Matt Leinart,2006
95,Matt Moore,2007
96,Matt Ryan,2008
97,Matt Schaub,2004
98,Matthew Stafford,2009
99,Michael Penix Jr.,2024
100,Mike Glennon,2013
101,Mike Vick,2001
102,Mitchell Trubisky,2017
103,Nick Foles,2012
104,Patrick Mahomes,2017
105,Patrick Ramsey,2002
106,Philip Rivers,2004
107,Quincy Carter,2001
108,Rex Grossman,2003
109,Robert Griffin III,2012
110,Russell Wilson,2012
111,Ryan Fitzpatrick,2005
112,Ryan Tannehill,2012
113,Sam Bradford,2010
114,Sam Darnold,2018
115,Sam Howell,2022
116,Shaun Hill,2002
117,Tarvaris Jackson,2006
118,Taylor Heinicke,2015
119,Teddy Bridgewater,2014
120,Terrelle Pryor,2011
121,Tim Rattay,2000
122,Tim Tebow,2010
123,Tom Brady,2000
124,Tony Romo,2003
125,Trent Edwards,2007
126,Trevor Lawrence,2021
127,Trevor Siemian,2015
128,Tua Tagovailoa,2020
129,Tyler Shough,2025
130,Tyler Thigpen,2007
131,Tyrod Taylor,2011
132,Vince Young,2006
133,Will Levis,2023
134,Zach Wilson,2021
